{
    "wdbc": {
        "accuracy": 0.9332159624413146,
        "balanced_accuracy": 0.9257119144707779,
        "precision": 0.9224893917963225,
        "recall": 0.8962264150943396,
        "roc_auc": 0.95733324608601
    },
    "diabetes": {
        "accuracy": 0.7057291666666667,
        "balanced_accuracy": 0.6727164179104478,
        "precision": 0.5811195445920303,
        "recall": 0.5634328358208955,
        "roc_auc": 0.7041194029850747
    },
    "kc2": {
        "accuracy": 0.7547892720306513,
        "balanced_accuracy": 0.6381102481133244,
        "precision": 0.40505173463177113,
        "recall": 0.44007686932215234,
        "roc_auc": 0.5750172089925758
    },
    "pc1": {
        "accuracy": 0.8530198068104206,
        "balanced_accuracy": 0.6684339986818567,
        "precision": 0.22401315789473683,
        "recall": 0.4541160593792173,
        "roc_auc": 0.6984112973250061
    },
    "tic-tac-toe": {
        "accuracy": 0.9707724425887265,
        "balanced_accuracy": 0.965611647869433,
        "precision": 0.9731817271087959,
        "recall": 0.9824281150159744,
        "roc_auc": 0.9867585357404057
    },
    "mnist1d": {
        "accuracy": 0.53925,
        "balanced_accuracy": 0.539687116161456,
        "precision": 0.5171232293268541,
        "recall": 0.53925,
        "roc_auc": 0.8622088060147897
    },
    "MNIST-subsampled": {
        "accuracy": 0.728,
        "balanced_accuracy": 0.728,
        "precision": 0.7277139261965284,
        "recall": 0.728,
        "roc_auc": 0.9262733333333333
    },
    "iris+useless features": {
        "accuracy": 0.6133333333333333,
        "balanced_accuracy": 0.6133333333333334,
        "precision": 0.6657455289808231,
        "recall": 0.6133333333333333,
        "roc_auc": 0.7452000000000001
    }
}