{
    "wdbc": {
        "accuracy": 0.9683654558932543,
        "balanced_accuracy": 0.9633025322647313,
        "precision": 0.9710513908533711,
        "recall": 0.9433962264150944
    },
    "diabetes": {
        "accuracy": 0.7526041666666667,
        "balanced_accuracy": 0.7017910447761194,
        "precision": 0.6878871937124365,
        "recall": 0.5335820895522387
    },
    "kc2": {
        "accuracy": 0.8371647509578544,
        "balanced_accuracy": 0.6582967713248682,
        "precision": 0.7075862068965517,
        "recall": 0.3551712089447938
    },
    "pc1": {
        "accuracy": 0.9296663089081862,
        "balanced_accuracy": 0.5054412641621944,
        "precision": 0.25,
        "recall": 0.01282051282051282
    },
    "tic-tac-toe": {
        "accuracy": 0.9237995824634655,
        "balanced_accuracy": 0.8978405635320836,
        "precision": 0.9085054922026439,
        "recall": 0.9824281150159744
    },
    "mnist1d": {
        "accuracy": 0.49949999999999994,
        "balanced_accuracy": 0.49967214982643976,
        "precision": 0.4982259167326101,
        "recall": 0.49949999999999994
    },
    "MNIST-subsampled": {
        "accuracy": 0.834,
        "balanced_accuracy": 0.834,
        "precision": 0.8382350582911284,
        "recall": 0.834
    },
    "iris+useless features": {
        "accuracy": 0.88,
        "balanced_accuracy": 0.88,
        "precision": 0.882803790412486,
        "recall": 0.88
    }
}