{
    "wdbc": {
        "accuracy": 0.9595873486533235,
        "balanced_accuracy": 0.9543956069985775,
        "precision": 0.9572897196261683,
        "recall": 0.9339622641509434,
        "roc_auc": 0.9888903265615987
    },
    "diabetes": {
        "accuracy": 0.7565104166666667,
        "balanced_accuracy": 0.7117164179104478,
        "precision": 0.6873140495867769,
        "recall": 0.5634328358208955,
        "roc_auc": 0.8196417910447761
    },
    "kc2": {
        "accuracy": 0.7988505747126436,
        "balanced_accuracy": 0.6722486175675265,
        "precision": 0.5112896222318715,
        "recall": 0.45772187281621246,
        "roc_auc": 0.7807248725336753
    },
    "pc1": {
        "accuracy": 0.9377825478908511,
        "balanced_accuracy": 0.6178149420958479,
        "precision": 0.6388888888888888,
        "recall": 0.24628879892037786,
        "roc_auc": 0.8549362374331775
    },
    "tic-tac-toe": {
        "accuracy": 0.9519832985386221,
        "balanced_accuracy": 0.9335520997728934,
        "precision": 0.9367690423263622,
        "recall": 0.9936102236421724,
        "roc_auc": 0.9924795026752377
    },
    "mnist1d": {
        "accuracy": 0.64825,
        "balanced_accuracy": 0.648192216154666,
        "precision": 0.6426745009687738,
        "recall": 0.64825,
        "roc_auc": 0.9269418438941266
    },
    "MNIST-subsampled": {
        "accuracy": 0.852,
        "balanced_accuracy": 0.8519999999999999,
        "precision": 0.8560888976801847,
        "recall": 0.852,
        "roc_auc": 0.9821044444444443
    },
    "iris+useless features": {
        "accuracy": 0.9533333333333334,
        "balanced_accuracy": 0.9533333333333334,
        "precision": 0.9572465369879163,
        "recall": 0.9533333333333334,
        "roc_auc": 0.9966
    }
}