{
    "wdbc": {
        "accuracy": 0.9261798863355573,
        "balanced_accuracy": 0.9134081173172515,
        "precision": 0.9341885690446391,
        "recall": 0.8632075471698113,
        "roc_auc": 0.9842609875370555
    },
    "diabetes": {
        "accuracy": 0.7265625,
        "balanced_accuracy": 0.712089552238806,
        "precision": 0.5966546112115733,
        "recall": 0.664179104477612,
        "roc_auc": 0.8108358208955224
    },
    "kc2": {
        "accuracy": 0.8390804597701149,
        "balanced_accuracy": 0.74328372118569,
        "precision": 0.608652312599681,
        "recall": 0.5805380852550663,
        "roc_auc": 0.8310999621898811
    },
    "pc1": {
        "accuracy": 0.8196750902527077,
        "balanced_accuracy": 0.6142783165426984,
        "precision": 0.16018867924528302,
        "recall": 0.3758434547908232,
        "roc_auc": 0.7516241408530271
    },
    "tic-tac-toe": {
        "accuracy": 0.6210855949895615,
        "balanced_accuracy": 0.642870202856153,
        "precision": 0.7889591382742067,
        "recall": 0.5718849840255591,
        "roc_auc": 0.7224344662997035
    },
    "mnist1d": {
        "accuracy": 0.28400000000000003,
        "balanced_accuracy": 0.28397522520466734,
        "precision": 0.28244821877553716,
        "recall": 0.28400000000000003,
        "roc_auc": 0.7632770957591728
    },
    "MNIST-subsampled": {
        "accuracy": 0.1,
        "balanced_accuracy": 0.1,
        "precision": 0.01,
        "recall": 0.1
    },
    "iris+useless features": {
        "accuracy": 0.3333333333333333,
        "balanced_accuracy": 0.3333333333333333,
        "precision": 0.11111111111111109,
        "recall": 0.3333333333333333
    }
}