{
    "wdbc": {
        "accuracy": 0.9507721769211761,
        "balanced_accuracy": 0.9358702565189739,
        "precision": 0.989247311827957,
        "recall": 0.8773584905660378,
        "roc_auc": 0.9917831082865614
    },
    "diabetes": {
        "accuracy": 0.7630208333333334,
        "balanced_accuracy": 0.7132537313432835,
        "precision": 0.7064724919093851,
        "recall": 0.5485074626865671,
        "roc_auc": 0.8245373134328358
    },
    "kc2": {
        "accuracy": 0.8352490421455938,
        "balanced_accuracy": 0.6882587748820316,
        "precision": 0.6484848484848484,
        "recall": 0.4392033542976939,
        "roc_auc": 0.8104811610303362
    },
    "pc1": {
        "accuracy": 0.914342862718314,
        "balanced_accuracy": 0.5574745786649091,
        "precision": 0.2803030303030303,
        "recall": 0.14304993252361672,
        "roc_auc": 0.6897498666164517
    },
    "tic-tac-toe": {
        "accuracy": 0.9832985386221293,
        "balanced_accuracy": 0.9759036144578314,
        "precision": 0.9751630561378989,
        "recall": 1.0,
        "roc_auc": 0.9823751876515647
    },
    "mnist1d": {
        "accuracy": 0.31475,
        "balanced_accuracy": 0.31464418060499794,
        "precision": 0.3014686793529841,
        "recall": 0.31475,
        "roc_auc": 0.7976272954634248
    },
    "MNIST-subsampled": {
        "accuracy": 0.418,
        "balanced_accuracy": 0.41800000000000004,
        "precision": 0.4163086251119724,
        "recall": 0.418,
        "roc_auc": 0.7540766666666666
    },
    "iris+useless features": {
        "accuracy": 0.9266666666666666,
        "balanced_accuracy": 0.9266666666666666,
        "precision": 0.9268589743589744,
        "recall": 0.9266666666666666,
        "roc_auc": 0.9816
    }
}