{
    "wdbc": {
        "accuracy": 0.9630837657524092,
        "balanced_accuracy": 0.9581350529346486,
        "precision": 0.9613445378151261,
        "recall": 0.9386792452830188,
        "roc_auc": 0.9930250502461677
    },
    "diabetes": {
        "accuracy": 0.7513020833333333,
        "balanced_accuracy": 0.7051194029850746,
        "precision": 0.6775172879068982,
        "recall": 0.5522388059701493,
        "roc_auc": 0.8232014925373133
    },
    "kc2": {
        "accuracy": 0.814176245210728,
        "balanced_accuracy": 0.6747116962201047,
        "precision": 0.5833333333333333,
        "recall": 0.4386792452830189,
        "roc_auc": 0.7563625880039608
    },
    "pc1": {
        "accuracy": 0.9296728136078316,
        "balanced_accuracy": 0.5475963499984308,
        "precision": 0.5666666666666667,
        "recall": 0.1039136302294197,
        "roc_auc": 0.8314149640649029
    },
    "tic-tac-toe": {
        "accuracy": 0.8006263048016702,
        "balanced_accuracy": 0.7470071981215598,
        "precision": 0.8030274874177313,
        "recall": 0.9217252396166133,
        "roc_auc": 0.8914219177027598
    },
    "mnist1d": {
        "accuracy": 0.1645,
        "balanced_accuracy": 0.16519848417882055,
        "precision": 0.1793887477474052,
        "recall": 0.1645,
        "roc_auc": 0.6494006004414972
    },
    "MNIST-subsampled": {
        "accuracy": 0.548,
        "balanced_accuracy": 0.548,
        "precision": 0.5916342153368387,
        "recall": 0.548,
        "roc_auc": 0.8961044444444445
    },
    "iris+useless features": {
        "accuracy": 0.94,
        "balanced_accuracy": 0.94,
        "precision": 0.9435629026146268,
        "recall": 0.94,
        "roc_auc": 0.9961333333333333
    }
}